<?xml version="1.0" encoding="UTF-8"?>
<project-private xmlns="http://www.netbeans.org/ns/project-private/1">
    <editor-bookmarks xmlns="http://www.netbeans.org/ns/editor-bookmarks/2" lastBookmarkId="0"/>
    <open-files xmlns="http://www.netbeans.org/ns/projectui-open-files/2">
        <group>
            <file>file:/home/archer/NetBeansProjects/farmer_consumer_DBMS_project/src/farmer_consumer/FarmerLogin.java</file>
            <file>file:/home/archer/NetBeansProjects/farmer_consumer_DBMS_project/src/farmer_consumer/Cart.java</file>
            <file>file:/home/archer/NetBeansProjects/farmer_consumer_DBMS_project/src/farmer_consumer/Crypto.java</file>
            <file>file:/home/archer/NetBeansProjects/farmer_consumer_DBMS_project/src/farmer_consumer/viewStock.java</file>
            <file>file:/home/archer/NetBeansProjects/farmer_consumer_DBMS_project/src/farmer_consumer/CustomerLogin.java</file>
            <file>file:/home/archer/NetBeansProjects/farmer_consumer_DBMS_project/src/farmer_consumer/Registration.java</file>
            <file>file:/home/archer/NetBeansProjects/farmer_consumer_DBMS_project/src/farmer_consumer/Session.java</file>
            <file>file:/home/archer/NetBeansProjects/farmer_consumer_DBMS_project/src/farmer_consumer/dbConnect.java</file>
            <file>file:/home/archer/NetBeansProjects/farmer_consumer_DBMS_project/src/farmer_consumer/addStock.java</file>
            <file>file:/home/archer/NetBeansProjects/farmer_consumer_DBMS_project/src/farmer_consumer/Login.java</file>
        </group>
    </open-files>
</project-private>
